{
  "ShotExport_20260504_141105": {
    "15": [
      0.07936980347694632,
      0.41442876411648405
    ],
    "16": [
      0.15023148148148144,
      0.43223145169397825
    ],
    "17": [
      0.22168367346938772,
      0.44060918702456375
    ],
    "18": [
      0.27719198790627353,
      0.43956197010824055
    ]
  },
  "ShotExport_20260504_141328": {
    "16": [
      0.08763699924414207,
      0.38405947354311204
    ],
    "17": [
      0.1892054043839758,
      0.408145462618545
    ],
    "18": [
      0.27542044595616016,
      0.43013701786133185
    ]
  },
  "ShotExport_20260504_141436": {
    "13": [
      0.08940854119425547,
      0.3474068814718007
    ],
    "14": [
      0.18093820861678,
      0.38405947354311204
    ],
    "15": [
      0.2630196523053665,
      0.408145462618545
    ],
    "16": [
      0.33801492819349954,
      0.4332786686103015
    ],
    "17": [
      0.40356198034769464,
      0.43013701786133185
    ]
  },
  "ShotExport_20260504_141514": {
    "15": [
      0.10003779289493572,
      0.36416235213297166
    ],
    "16": [
      0.20160619803476942,
      0.4070982457022221
    ],
    "17": [
      0.2901832955404383,
      0.4364203193592709
    ],
    "18": [
      0.36872165532879814,
      0.43956197010824055
    ],
    "19": [
      0.4401738473167044,
      0.4468924885225028
    ]
  },
  "ShotExport_20260504_141555": {
    "13": [
      0.04748204837490551,
      0.2929516018229954
    ],
    "14": [
      0.15023148148148144,
      0.33274584464327617
    ],
    "15": [
      0.23821806500377923,
      0.36206791830032525
    ],
    "16": [
      0.30848922902494325,
      0.3788233889614962
    ],
    "17": [
      0.38820861678004526,
      0.3861539073757585
    ]
  },
  "ShotExport_20260504_141643": {
    "15": [
      0.040395880574451995,
      0.36206791830032525
    ],
    "16": [
      0.15672713529856383,
      0.40290937803692917
    ],
    "17": [
      0.25593348450491304,
      0.4332786686103015
    ],
    "18": [
      0.3368339002267573,
      0.4364203193592709
    ]
  },
  "ShotExport_20260504_141709": {
    "15": [
      0.08527494331065757,
      0.3809178227941424
    ],
    "16": [
      0.19097694633408915,
      0.408145462618545
    ],
    "17": [
      0.2807350718065003,
      0.4123343302838379
    ],
    "18": [
      0.3374244142101284,
      0.4154759810328073
    ],
    "19": [
      0.38998015873015873,
      0.41442876411648405
    ]
  },
  "ShotExport_20260504_141736": {
    "16": [
      0.0929516250944822,
      0.4845922975101372
    ],
    "17": [
      0.19688208616780042,
      0.4908755990080763
    ],
    "18": [
      0.2830971277399848,
      0.47935621292852126
    ],
    "19": [
      0.34628212396069535,
      0.47097847759793576
    ],
    "20": [
      0.39824735449735443,
      0.4584118746020577
    ],
    "21": [
      0.45198412698412693,
      0.45108135618779543
    ]
  },
  "ShotExport_20260504_141802": {
    "16": [
      0.1289729780801209,
      0.4091926795348682
    ],
    "17": [
      0.23467498110355248,
      0.42699536711236247
    ],
    "18": [
      0.3238425925925925,
      0.43118423477765505
    ],
    "19": [
      0.39647581254724107,
      0.4259481501960392
    ],
    "20": [
      0.4496220710506424,
      0.41966484869810017
    ],
    "21": [
      0.5122165532879818,
      0.42175928253074635
    ]
  },
  "ShotExport_20260504_141911": {
    "16": [
      0.02268046107331821,
      0.3997677272879598
    ],
    "17": [
      0.1401927437641723,
      0.41966484869810017
    ],
    "18": [
      0.24766628873771726,
      0.42804258402868567
    ],
    "19": [
      0.33151927437641715,
      0.42385371636339275
    ]
  },
  "ShotExport_20260504_141936": {
    "16": [
      0.01913737717309145,
      0.361020701384002
    ],
    "17": [
      0.15023148148148144,
      0.3882483412084046
    ],
    "18": [
      0.2647911942554799,
      0.3819650397104656
    ],
    "19": [
      0.34746315192743754,
      0.3704456536309107
    ]
  },
  "ShotExport_20260504_142042": {
    "16": [
      0.12070578231292514,
      0.4845922975101372
    ],
    "17": [
      0.24825680272108835,
      0.5003005512549848
    ],
    "18": [
      0.3569113756613756,
      0.4940172497570458
    ],
    "19": [
      0.44253590325018893,
      0.4762145621795519
    ]
  },
  "ShotExport_20260504_142139": {
    "16": [
      0.115391156462585,
      0.5610391324017293
    ],
    "17": [
      0.24707577475434614,
      0.5725585184812843
    ],
    "18": [
      0.3580924036281179,
      0.583030687644516
    ],
    "19": [
      0.45257464096749805,
      0.5924556398914247
    ]
  }
}