{
  "absDiff": 0.14786032772732738,
  "posDiff": 0.11574114653916054,
  "negDiff": 0.12381224069989286,
  "baseline": 0.07945668324098341,
  "optFlow": 0.1314696115170392,
  "bgDiff": 0.2639569058233934,
  "streak": 0.13770308445220317
}