{
  "locked_impact_roi" : {
    "x" : 0.6281309185606061,
    "height" : 0.20625000000000004,
    "y" : 0.40891203703703694,
    "width" : 0.11601562499999996
  },
  "impact_frame_index" : 20,
  "locked_ball_rect" : {
    "y" : 0.48379629629629628,
    "width" : 0.04166666666666663,
    "height" : 0.07407407407407407,
    "x" : 0.66666666666666663
  }
}