{
 "speed": {
  "a": 0.9495342693884714,
  "b": 4.268499163528777,
  "n": 54
 },
 "launch": {
  "a": 0.9116037768030921,
  "b": -3.88095197288121,
  "n": 54
 },
 "club_speed": {
  "a": 0.4478110651272086,
  "b": 40.15557119054696,
  "n": 50
 },
 "backspin": {
  "a": 0.5053299941759869,
  "b": 2187.0323904461234,
  "n": 50
 }
}