{
 "params": [
  0.2332173370610795,
  0.1702833648546223,
  1.6734415735474428,
  0.236181695289161,
  108.99681970568543
 ],
 "meaning": [
  "cd0",
  "cd1_perS",
  "cl_a_perS",
  "cl_cap",
  "spin_decay_tau_s"
 ],
 "rho": 1.1875,
 "dt": 0.004
}