{"version": "v2.2-20260714", "ball_scorer": {"w": [5.78596942182268, -4.29032431633811, 1.3689900587794428, 0.07042137075070194, -3.1088677670183413, -4.3103064463401095, -0.7343084131061947, 0.20430140515865794, 0.8676764018637423, 0.902776108977916, 0.0], "b": 0.04364320367222111, "threshold": 0.5, "features": ["circ", "elong", "r_ratio", "dh_norm", "border", "dist_pred", "dev_dir", "progress_step", "aligned_cos", "impacted", "is_rescue"]}, "club_gbt": {"base": -4.440892098500627e-16, "stumps": [[7, 0.1446742041962908, 0.46332261745378717, -0.29183532872629037], [6, 0.8780815992313749, 0.24388785873241967, -0.33742373039379886], [7, 0.21508812525361393, 0.2967022514242189, -0.23377606561200026], [14, 0.0, -0.2206772952002278, 0.26046728527342383], [3, 0.1633214026351279, -0.38211276605416217, 0.1376225228449807], [7, 0.1446742041962908, 0.2559681622113887, -0.1476122050757227], [13, 0.6117840732467961, 0.38056115817895797, -0.10960084050392334], [3, 0.13007407407407406, -0.3642780064627609, 0.08916994088586197], [4, 0.07298408475232197, -0.42856288794288533, 0.07475356146333423], [6, 1.2058573882579242, 0.07827753057428669, -0.31603280696273806], [7, 0.21508812525361393, 0.16484557830710017, -0.1258513274742236], [13, 0.6117840732467961, 0.2842292125338323, -0.07977657861817787], [4, 0.07298408475232197, -0.35618237484315823, 0.05890280717088328], [3, 0.13007407407407406, -0.32547551482027054, 0.06521237385443351], [6, 0.6064147543467796, 0.13251541782905887, -0.11364125578685143], [7, 0.1446742041962908, 0.16635415044258753, -0.09609280807712568], [3, 0.10436861069214004, -0.3353137311417881, 0.04368878616047689], [4, 0.07298408475232197, -0.3083684981550272, 0.04883116682346997], [14, 0.0, -0.11004268495512222, 0.1271425609213887], [7, 0.0457793839583017, 0.20481364949572584, -0.05639182574661946], [3, 0.08325080151677895, -0.345815264091591, 0.031171930407734527], [6, 0.39767558839883455, 0.14073061565476233, -0.07783778364684035], [4, 0.07298408475232197, -0.24789193247027402, 0.038255675909825725], [5, 0.7447969619468338, 0.041373990979186426, -0.24876424024438562], [6, 1.3377034371104117, 0.0324760674863525, -0.2984280627669884], [4, 0.10867749766573295, -0.15991528314748407, 0.04743091970205878], [7, 0.1446742041962908, 0.1189965328656799, -0.06764870178055116], [13, 0.6117840732467961, 0.1769813660339096, -0.04620602140353086], [3, 0.08325080151677895, -0.3224956152043229, 0.02422829773400052], [6, 1.2058573882579242, 0.03378649292785759, -0.19886215027607307], [5, 0.8378253119429591, 0.014176113271108586, -0.45881005845172584], [1, 3.5, 0.02052521386651719, -0.31992125354819184], [6, 0.18324379703958332, 0.14543948209694768, -0.041696531041655445], [2, 0.38485690882799284, -0.16239536968502724, 0.03563465704678209], [4, 0.10867749766573295, -0.13380506099066794, 0.043290347931282315], [7, 0.21508812525361393, 0.09023643853567287, -0.06970424573053126], [0, 7.118421308785234, 0.017418534250196762, -0.2981846492706946], [0, 5.0689042022202315, -0.057746107113824274, 0.09295559795032539], [14, 0.0, -0.06784653589918532, 0.08101665239956479], [3, 0.08325080151677895, -0.28822985202325774, 0.01774919157709212], [10, 0.0, 0.06306872966539091, -0.07081866836832759], [7, 0.0457793839583017, 0.13363110678968299, -0.034090293578505286], [6, 0.39767558839883455, 0.09320559574634556, -0.050640273003615864], [5, 0.8062239042003748, 0.020973729389729377, -0.23527725584002204], [15, 1.239846569710622, 0.012965546846907166, -0.32231614025076666], [6, 1.3377034371104117, 0.01770626513233185, -0.2272211978894581], [5, 0.8378253119429591, 0.009458314407935745, -0.396574090319941], [4, 0.07298408475232197, -0.15982824666455966, 0.024945065544323384], [2, 0.9851274063222604, 0.00816125516121173, -0.4285389727268046], [16, 0.34604930280543633, -0.057599876885260935, 0.06670911478074604], [6, 0.18324379703958332, 0.11384198902256287, -0.030791869474582376], [3, 0.06837121212121211, -0.28201431010166, 0.012186613116319347], [7, 0.1446742041962908, 0.07750106241112073, -0.04578915415593241], [0, 7.118421308785234, 0.015313133769113953, -0.23964336911295284], [14, 0.0, -0.050554634940407794, 0.059794798886246114], [0, 3.481240089335692, -0.1024896472608665, 0.027173699228874342], [2, 0.38485690882799284, -0.11206634989158638, 0.024842349695934213], [10, 0.0, 0.05237098984989229, -0.05647871053185397], [7, 0.3164065743943623, 0.05279244372855823, -0.0553038781867041], [6, 1.0327119966528138, 0.030022026740909053, -0.09398667854941087], [1, 3.5, 0.012995448098827125, -0.20837610586437944], [5, 0.8378253119429591, 0.007449013648534281, -0.35903228360899925], [4, 0.10867749766573295, -0.09036242247218224, 0.03102780475716887], [17, 0.7184848376690983, 0.04698323493961405, -0.057037138818903266], [3, 0.08325080151677895, -0.23050905807572697, 0.01091765190038307], [6, 0.18324379703958332, 0.09699080313904468, -0.025541665242454954], [2, 0.7547017729301307, -0.04166597833760478, 0.05755598954531894], [2, 0.9851274063222604, 0.006069787964672805, -0.37662964602189714], [3, 0.7479430547713145, -0.024356704573325758, 0.0929169290092882], [5, 0.7447969619468338, 0.019620302517880134, -0.1305127013904678], [4, 0.04067269712415575, -0.2262726854781556, 0.009719142923887076], [7, 0.1446742041962908, 0.062083341654560135, -0.0368073943244297], [6, 0.0030635328564415257, 0.3014588032725427, -0.0071205300183642935], [6, 1.3377034371104117, 0.011375888783876183, -0.17623458899199432], [0, 7.118421308785234, 0.01197918486527183, -0.17164674950087944], [0, 5.0689042022202315, -0.0389076631933624, 0.061788348030778255], [13, 0.6117840732467961, 0.09071953395396745, -0.02281479314813939], [17, 0.9844556291875266, 0.016770088262066607, -0.12051789619844705], [3, 0.06837121212121211, -0.236932980140297, 0.008364440571210397], [10, 0.0, 0.04442275461649967, -0.04736840180816781], [13, 1.4309793511667812, 0.01238891266224647, -0.14229307728384322], [5, 0.8378253119429591, 0.005461066880059839, -0.31375140286767356], [3, 0.7479430547713145, -0.02160583460833519, 0.0845535789200612], [15, 0.2072506904936573, -0.06864915762835823, 0.025524905980033374], [2, 0.7547017729301307, -0.03625338361802412, 0.05053009767984505], [1, 2.5, 0.01814326430009106, -0.11331248634029334], [14, 0.0, -0.03700576246850199, 0.0450039672602563], [7, 0.21508812525361393, 0.04727990413243893, -0.03741434245537481], [6, 0.0030635328564415257, 0.2588228150235009, -0.006428806115210983], [3, 0.03424107744107744, -0.3934134693907165, 0.004668425948319659], [15, 1.239846569710622, 0.008326866794906298, -0.18305549697501175], [5, 0.6296098987814157, 0.02167208612659617, -0.07512165449421852], [5, 0.48416391741881937, -0.04870626810232578, 0.036456467742714195], [1, 5.571428571428571, 0.005940124642317586, -0.25764703769705677], [2, 0.709865010275335, -0.03935152052880204, 0.04118734157522181], [10, 0.0, 0.03983621227847353, -0.04172096320094671], [0, 5.0689042022202315, -0.03304542464174282, 0.052246536140850015], [16, 0.15379969013574948, 0.0766471960080372, -0.018687323329202383], [6, 0.0030635328564415257, 0.2389471657243986, -0.006080565547175258], [3, 0.13007407407407406, -0.12970056702863064, 0.013266320866726395], [15, 0.3248736647791991, -0.033520450284714544, 0.04085986171310685], [3, 0.03424107744107744, -0.36687474811517473, 0.003427143891989662], [6, 0.0030635328564415257, 0.2512922639928436, -0.006459771948832032], [5, 0.6296098987814157, 0.018986038554680073, -0.06549231651035728], [3, 0.7479430547713145, -0.01975743753758459, 0.07848441208552358], [4, 0.05602888156362522, -0.11796514156694685, 0.010778355268897047], [7, 0.3164065743943623, 0.03462577045935289, -0.03664040523380917], [6, 0.9590055580281435, 0.022750298268809244, -0.05783695800553503], [2, 0.7547017729301307, -0.029721089410531636, 0.04216545930927738], [10, 0.0, 0.036554448017313716, -0.03828426020765791], [1, 2.5, 0.01379850578649221, -0.08746532569130801], [5, 0.8378253119429591, 0.004274058121548759, -0.2754947076964236], [13, 