{
 "version": "v3heads-swiftfeat-20260718",
 "speed": {
  "features": [
   "v_px",
   "vx",
   "vy",
   "v_mps",
   "r0",
   "r1",
   "r_slope",
   "y0",
   "npts",
   "r0_sess",
   "r0_rel"
  ],
  "mu": [
   13015.772830188676,
   -12934.780188679242,
   892.5320754716985,
   52.61132075471699,
   5.293773584905658,
   4.983207547169812,
   84.13716981132077,
   106.16905660377358,
   4.377358490566038,
   5.303018867924529,
   0.998679245283019
  ],
  "sd": [
   3299.5138117962833,
   3291.203322843941,
   1166.1738268775591,
   13.639580036273296,
   0.28687139033540215,
   0.3242336320289388,
   44.758870877941376,
   7.424153917383639,
   0.9948246294123824,
   0.08313628160862105,
   0.062011495243392736
  ],
  "w": [
   7.81068245818743,
   -7.244829135447252,
   -0.16026078703581736,
   5.542011808382946,
   0.8043433382914014,
   -3.0121809132145088,
   -2.3534258483311934,
   -1.2921943314235347,
   -2.887213380728345,
   0.4448621860458933,
   0.0022889425763953073
  ],
  "intercept": 101.16741731077359,
  "n": 53
 },
 "vla": {
  "features": [
   "v_px",
   "vx",
   "vy",
   "pxang",
   "r_slope",
   "r_excess",
   "r_norm",
   "hla_proxy",
   "v_mps",
   "r0",
   "r1",
   "y0",
   "npts",
   "r0_sess",
   "r0_rel"
  ],
  "mu": [
   13015.772830188676,
   -12934.780188679242,
   892.5320754716985,
   -3.6861695916706023,
   84.13716981132077,
   274.35957452306076,
   0.8037510407997265,
   0.8099124938901257,
   52.61132075471699,
   5.293773584905658,
   4.983207547169812,
   106.16905660377358,
   4.377358490566038,
   5.303018867924529,
   0.998679245283019
  ],
  "sd": [
   3299.5138117962833,
   3291.203322843941,
   1166.1738268775591,
   5.387675510863392,
   44.758870877941376,
   50.87962660940086,
   0.8343904093428539,
   0.8207913630774377,
   13.639580036273296,
   0.28687139033540215,
   0.3242336320289388,
   7.424153917383639,
   0.9948246294123824,
   0.08313628160862105,
   0.062011495243392736
  ],
  "w": [
   -0.49899844838874563,
   0.21937691019712735,
   -0.939618071708924,
   -0.15005363902920685,
   -0.13580094820758473,
   0.29712029424142694,
   3.3225362390783753,
   5.671351541533898,
   -0.1400646564572913,
   -0.8172938649755379,
   1.280846078362625,
   0.41420056365733987,
   0.28877478955924585,
   -0.5887157192744478,
   1.4439495773647677
  ],
  "intercept": 16.23245283018868,
  "n": 53
 },
 "vla_floor": 0.5,
 "speed_clamp": [
  10.0,
  210.0
 ],
 "vla_clamp": [
  0.5,
  55.0
 ]
}