{
 "version": "v3heads-swiftfeat-20260718",
 "speed": {
  "features": [
   "v_px",
   "vx",
   "vy",
   "v_mps",
   "r0",
   "r1",
   "r_slope",
   "y0",
   "npts",
   "r0_sess",
   "r0_rel"
  ],
  "mu": [
   13210.54566371682,
   -13138.176725663714,
   662.3402654867252,
   54.8366371681416,
   5.168938053097349,
   4.998230088495574,
   78.2646902654867,
   106.20123893805307,
   4.256637168141593,
   5.171061946902659,
   0.9998230088495572
  ],
  "sd": [
   3222.50392859246,
   3242.853789305429,
   1156.1053558512326,
   13.928459858467962,
   0.38111239896075316,
   0.3386966964135557,
   48.89141282485808,
   7.6398166522706665,
   0.9665078198655611,
   0.14544021060401874,
   0.07295267448040081
  ],
  "w": [
   6.3119520904322615,
   -2.806015250534641,
   0.2500861401906655,
   4.297381442808277,
   0.4159717127130918,
   -4.717519592380991,
   -1.1506452374177891,
   -3.1596998512787615,
   -3.289577348832982,
   -4.766528113325805,
   -0.8878066160730662
  ],
  "intercept": 109.3025846887876,
  "n": 113
 },
 "vla": {
  "features": [
   "v_px",
   "vx",
   "vy",
   "pxang",
   "r_slope",
   "r_excess",
   "r_norm",
   "hla_proxy",
   "v_mps",
   "r0",
   "r1",
   "y0",
   "npts",
   "r0_sess",
   "r0_rel"
  ],
  "mu": [
   13210.54566371682,
   -13138.176725663714,
   662.3402654867252,
   -3.1806669662045906,
   78.2646902654867,
   266.9256544886923,
   0.7227714063226149,
   0.7458211957473796,
   54.8366371681416,
   5.168938053097349,
   4.998230088495574,
   106.20123893805307,
   4.256637168141593,
   5.171061946902659,
   0.9998230088495572
  ],
  "sd": [
   3222.50392859246,
   3242.853789305429,
   1156.1053558512326,
   5.793903173218035,
   48.89141282485808,
   60.73416023066202,
   0.7774213552460737,
   0.7406731579345578,
   13.928459858467962,
   0.38111239896075316,
   0.3386966964135557,
   7.6398166522706665,
   0.9665078198655611,
   0.14544021060401874,
   0.07295267448040081
  ],
  "w": [
   -0.19506508891217259,
   0.9538747892376114,
   3.0076396531758243,
   4.34549029996429,
   -0.45672464491737275,
   -0.26597651090384666,
   2.2269687929723214,
   2.5003846186444028,
   -0.6083136468877283,
   -1.4003688624435238,
   1.2458387473615242,
   0.18408277094173067,
   -0.2422662915388245,
   0.7463990277794708,
   1.9169003533296258
  ],
  "intercept": 14.733185840707964,
  "n": 113
 },
 "vla_floor": 0.5,
 "speed_clamp": [
  10.0,
  210.0
 ],
 "vla_clamp": [
  0.5,
  55.0
 ]
}