{
 "version": "v3heads-swiftfeat-20260718",
 "speed": {
  "features": [
   "v_px",
   "vx",
   "vy",
   "v_mps",
   "r0",
   "r1",
   "r_slope",
   "y0",
   "npts",
   "r0_sess",
   "r0_rel"
  ],
  "mu": [
   13263.099130434792,
   -13191.573913043476,
   649.5308695652169,
   55.053739130434785,
   5.17034782608696,
   4.999478260869564,
   75.54147826086955,
   106.14565217391299,
   4.243478260869566,
   5.339043478260869,
   0.970260869565217
  ],
  "sd": [
   3251.198744995399,
   3271.813111976017,
   1155.7822860292272,
   14.125499882011956,
   0.38106927562141507,
   0.33670744330165636,
   53.84046886392839,
   7.623544324536794,
   0.9654132204609834,
   0.2364409079037481,
   0.08395092734406406
  ],
  "w": [
   8.28518733818249,
   -4.553628490392976,
   2.3787080530781353,
   2.875598019385798,
   1.4423895056968528,
   -2.3781924583090284,
   -1.9939486089956109,
   -2.533267083990138,
   -3.3384189832398623,
   -0.6715111226513084,
   -0.13138601427245242
  ],
  "intercept": 100.67598829104348,
  "n": 115
 },
 "vla": {
  "features": [
   "v_px",
   "vx",
   "vy",
   "pxang",
   "r_slope",
   "r_excess",
   "r_norm",
   "hla_proxy",
   "v_mps",
   "r0",
   "r1",
   "y0",
   "npts",
   "r0_sess",
   "r0_rel"
  ],
  "mu": [
   13263.099130434792,
   -13191.573913043476,
   649.5308695652169,
   -3.1326091069261355,
   75.54147826086955,
   264.97005863285034,
   0.7034872814140285,
   0.7407121924742921,
   55.053739130434785,
   5.17034782608696,
   4.999478260869564,
   106.14565217391299,
   4.243478260869566,
   5.339043478260869,
   0.970260869565217
  ],
  "sd": [
   3251.198744995399,
   3271.813111976017,
   1155.7822860292272,
   5.76980707799027,
   53.84046886392839,
   62.36103288502202,
   0.7864137608186613,
   0.7369648394419336,
   14.125499882011956,
   0.38106927562141507,
   0.33670744330165636,
   7.623544324536794,
   0.9654132204609834,
   0.2364409079037481,
   0.08395092734406406
  ],
  "w": [
   -0.06879201174185769,
   1.3343306085235604,
   0.735176674104704,
   1.7730758232787045,
   -1.4903284460090596,
   0.5550417343454285,
   1.3826473621507982,
   5.378639251446798,
   -1.0448125187065196,
   -1.411204724715063,
   1.1896883950598396,
   0.8825855189126994,
   0.09429364129713814,
   -2.0230158418104995,
   0.2666877025231109
  ],
  "intercept": 15.883304347826087,
  "n": 115
 },
 "vla_floor": 0.5,
 "speed_clamp": [
  10.0,
  210.0
 ],
 "vla_clamp": [
  0.5,
  55.0
 ]
}