{
 "version": "v3heads-color-20260718",
 "speed": {
  "features": [
   "v_px",
   "vx",
   "vy",
   "v_mps",
   "r0",
   "r1",
   "r_slope",
   "y0",
   "npts",
   "r0_sess",
   "r0_rel"
  ],
  "mu": [
   13210.54566371682,
   -13138.176725663714,
   662.3402654867252,
   54.8366371681416,
   5.168938053097349,
   4.998230088495574,
   78.2646902654867,
   106.20123893805307,
   4.256637168141593,
   5.171061946902659,
   0.9998230088495572
  ],
  "sd": [
   3222.50392859246,
   3242.853789305429,
   1156.1053558512326,
   13.928459858467962,
   0.38111239896075316,
   0.3386966964135557,
   48.89141282485808,
   7.6398166522706665,
   0.9665078198655611,
   0.14544021060401874,
   0.07295267448040081
  ],
  "w": [
   6.3119520904322615,
   -2.806015250534641,
   0.2500861401906655,
   4.297381442808277,
   0.4159717127130918,
   -4.717519592380991,
   -1.1506452374177891,
   -3.1596998512787615,
   -3.289577348832982,
   -4.766528113325805,
   -0.8878066160730662
  ],
  "intercept": 109.3025846887876,
  "n": 113
 },
 "vla": {
  "features": [
   "v_px",
   "vx",
   "vy",
   "pxang",
   "r_slope",
   "r_excess",
   "r_norm",
   "hla_proxy",
   "v_mps",
   "r0",
   "r1",
   "y0",
   "npts",
   "r0_sess",
   "r0_rel"
  ],
  "mu": [
   13210.54566371682,
   -13138.176725663714,
   662.3402654867252,
   -3.1806669662045906,
   78.2646902654867,
   266.9256544886923,
   0.7227714063226149,
   0.7458211957473796,
   54.8366371681416,
   5.168938053097349,
   4.998230088495574,
   106.20123893805307,
   4.256637168141593,
   5.171061946902659,
   0.9998230088495572
  ],
  "sd": [
   3222.50392859246,
   3242.853789305429,
   1156.1053558512326,
   5.793903173218035,
   48.89141282485808,
   60.73416023066202,
   0.7774213552460737,
   0.7406731579345578,
   13.928459858467962,
   0.38111239896075316,
   0.3386966964135557,
   7.6398166522706665,
   0.9665078198655611,
   0.14544021060401874,
   0.07295267448040081
  ],
  "w": [
   -0.19506508891217259,
   0.9538747892376114,
   3.0076396531758243,
   4.34549029996429,
   -0.45672464491737275,
   -0.26597651090384666,
   2.2269687929723214,
   2.5003846186444028,
   -0.6083136468877283,
   -1.4003688624435238,
   1.2458387473615242,
   0.18408277094173067,
   -0.2422662915388245,
   0.7463990277794708,
   1.9169003533296258
  ],
  "intercept": 14.733185840707964,
  "n": 113
 },
 "vla_floor": 0.5,
 "speed_clamp": [
  10.0,
  210.0
 ],
 "vla_clamp": [
  0.5,
  55.0
 ],
 "speed_white": {
  "features": [
   "v_px",
   "vx",
   "vy",
   "v_mps",
   "r0",
   "r1",
   "r_slope",
   "y0",
   "npts",
   "r0_sess",
   "r0_rel"
  ],
  "mu": [
   9773.551481481481,
   -9706.457777777778,
   -352.81370370370365,
   35.48,
   5.847777777777777,
   6.156296296296298,
   90.84407407407409,
   105.13814814814815,
   3.4814814814814814,
   5.758888888888889,
   1.012962962962963
  ],
  "sd": [
   3576.248213026513,
   3589.491623866763,
   1042.8929337733064,
   12.25945621515023,
   0.15251796189333783,
   0.720869579526894,
   60.210839449604464,
   9.206978448145419,
   0.6307180145528297,
   0.013698698784375619,
   0.025358879175738824
  ],
  "w": [
   7.4707956497517145,
   -7.44041130842286,
   1.2327010508491731,
   7.986425064827129,
   0.6143519075527326,
   -8.481137902540834,
   1.8724377519072926,
   -0.969344043602346,
   1.3918548846684409,
   -1.947536941207242,
   2.0352137783993736
  ],
  "intercept": 75.91333293899625,
  "n": 27
 },
 "vla_white": {
  "features": [
   "v_px",
   "vx",
   "vy",
   "pxang",
   "r_slope",
   "r_excess",
   "r_norm",
   "hla_proxy",
   "v_mps",
   "r0",
   "r1",
   "y0",
   "npts",
   "r0_sess",
   "r0_rel"
  ],
  "mu": [
   8961.394999999999,
   -8889.135416666668,
   -300.67833333333334,
   1.2710482417561788,
   78.93000000000002,
   222.35916321759257,
   1.0253199818473349,
   1.046912221364278,
   32.92333333333333,
   5.802916666666667,
   6.131250000000001,
   106.82458333333334,
   3.5,
   5.7562500000000005,
   1.0054166666666668
  ],
  "sd": [
   2903.3651642428895,
   2908.4619710892407,
   1081.5982747263663,
   7.502054111989081,
   47.67621874088469,
   69.26726545820979,
   0.7984073615809958,
   0.747101279148837,
   10.491523431316919,
   0.08758230356291628,
   0.7605881095274297,
   8.341113025834007,
   0.6454972253679028,
   0.012183493931011305,
   0.014135997211406157
  ],
  "w": [
   0.24519059112994485,
   0.1288413334028535,
   1.9540034528510848,
   -0.35782085932264773,
   0.7950747110389288,
   0.5725468338312212,
   0.6512366303896471,
   -0.13612178780212075,
   0.08313559534853465,
   -0.2599912923406163,
   1.0133570177717386,
   -1.7936609609150562,
   1.000179305020151,
   -1.322809463728891,
   -0.16348171363318045
  ],
  "intercept": 12.786203753580102,
  "n": 24
 }
}