{
 "version": "v3heads-swiftfeat-20260718",
 "speed": {
  "features": [
   "v_px",
   "vx",
   "vy",
   "v_mps",
   "r0",
   "r1",
   "r_slope",
   "y0",
   "npts",
   "r0_sess",
   "r0_rel"
  ],
  "mu": [
   13216.639062500011,
   -13141.340104166675,
   727.232083333333,
   54.51062499999998,
   5.196041666666669,
   5.012916666666668,
   77.35770833333332,
   106.43020833333334,
   4.270833333333333,
   5.186666666666676,
   1.0021874999999996
  ],
  "sd": [
   2761.4030496609007,
   2776.4094069619846,
   1171.6514477864512,
   11.844004885020793,
   0.3611800091176821,
   0.3061621199101545,
   49.072268868779055,
   7.3801966135524415,
   0.9069082868199546,
   0.15198455796404015,
   0.07053668065734801
  ],
  "w": [
   8.937231810982924,
   -7.9672397222839075,
   0.08491704642920171,
   1.7784888956819314,
   -0.32566062838140103,
   -2.6689838455208235,
   -1.2750883482726885,
   -2.429641776373615,
   -0.8903432218709869,
   -6.82072892847708,
   -0.5498316221002533
  ],
  "intercept": 109.8945116403229,
  "n": 96
 },
 "vla": {
  "features": [
   "v_px",
   "vx",
   "vy",
   "pxang",
   "r_slope",
   "r_excess",
   "r_norm",
   "hla_proxy",
   "v_mps",
   "r0",
   "r1",
   "y0",
   "npts",
   "r0_sess",
   "r0_rel"
  ],
  "mu": [
   13216.639062500011,
   -13141.340104166675,
   727.232083333333,
   -3.242630378732498,
   77.35770833333332,
   267.13428415219914,
   0.671940416136934,
   0.7023375560314955,
   54.51062499999998,
   5.196041666666669,
   5.012916666666668,
   106.43020833333334,
   4.270833333333333,
   5.186666666666676,
   1.0021874999999996
  ],
  "sd": [
   2761.4030496609007,
   2776.4094069619846,
   1171.6514477864512,
   5.614005912582334,
   49.072268868779055,
   60.69120088350665,
   0.687467495213759,
   0.6496546567440222,
   11.844004885020793,
   0.3611800091176821,
   0.3061621199101545,
   7.3801966135524415,
   0.9069082868199546,
   0.15198455796404015,
   0.07053668065734801
  ],
  "w": [
   -2.0803440575069225,
   -1.1621527929762845,
   0.06729727270117979,
   0.7325903808144029,
   -0.6787561373226835,
   -0.6373044046933123,
   0.5309469267643429,
   6.413523498755549,
   0.5316462867940134,
   -1.2453884248326683,
   0.3889201924871629,
   0.7463604494765684,
   -0.2241205869024444,
   0.07042181003772274,
   2.3630004457268097
  ],
  "intercept": 15.551145833333331,
  "n": 96
 },
 "vla_floor": 0.5,
 "speed_clamp": [
  10.0,
  210.0
 ],
 "vla_clamp": [
  0.5,
  55.0
 ]
}