{
 "version": "v3heads-color-20260718",
 "speed": {
  "features": [
   "v_px",
   "vx",
   "vy",
   "v_mps",
   "r0",
   "r1",
   "r_slope",
   "y0",
   "npts",
   "r0_sess",
   "r0_rel"
  ],
  "mu": [
   13210.54566371682,
   -13138.176725663714,
   662.3402654867252,
   54.8366371681416,
   5.168938053097349,
   4.998230088495574,
   78.2646902654867,
   106.20123893805307,
   4.256637168141593,
   5.171061946902659,
   0.9998230088495572
  ],
  "sd": [
   3222.50392859246,
   3242.853789305429,
   1156.1053558512326,
   13.928459858467962,
   0.38111239896075316,
   0.3386966964135557,
   48.89141282485808,
   7.6398166522706665,
   0.9665078198655611,
   0.14544021060401874,
   0.07295267448040081
  ],
  "w": [
   6.3119520904322615,
   -2.806015250534641,
   0.2500861401906655,
   4.297381442808277,
   0.4159717127130918,
   -4.717519592380991,
   -1.1506452374177891,
   -3.1596998512787615,
   -3.289577348832982,
   -4.766528113325805,
   -0.8878066160730662
  ],
  "intercept": 109.3025846887876,
  "n": 113
 },
 "vla": {
  "features": [
   "v_px",
   "vx",
   "vy",
   "pxang",
   "r_slope",
   "r_excess",
   "r_norm",
   "hla_proxy",
   "v_mps",
   "r0",
   "r1",
   "y0",
   "npts",
   "r0_sess",
   "r0_rel"
  ],
  "mu": [
   13210.54566371682,
   -13138.176725663714,
   662.3402654867252,
   -3.1806669662045906,
   78.2646902654867,
   266.9256544886923,
   0.7227714063226149,
   0.7458211957473796,
   54.8366371681416,
   5.168938053097349,
   4.998230088495574,
   106.20123893805307,
   4.256637168141593,
   5.171061946902659,
   0.9998230088495572
  ],
  "sd": [
   3222.50392859246,
   3242.853789305429,
   1156.1053558512326,
   5.793903173218035,
   48.89141282485808,
   60.73416023066202,
   0.7774213552460737,
   0.7406731579345578,
   13.928459858467962,
   0.38111239896075316,
   0.3386966964135557,
   7.6398166522706665,
   0.9665078198655611,
   0.14544021060401874,
   0.07295267448040081
  ],
  "w": [
   -0.19506508891217259,
   0.9538747892376114,
   3.0076396531758243,
   4.34549029996429,
   -0.45672464491737275,
   -0.26597651090384666,
   2.2269687929723214,
   2.5003846186444028,
   -0.6083136468877283,
   -1.4003688624435238,
   1.2458387473615242,
   0.18408277094173067,
   -0.2422662915388245,
   0.7463990277794708,
   1.9169003533296258
  ],
  "intercept": 14.733185840707964,
  "n": 113
 },
 "vla_floor": 0.5,
 "speed_clamp": [
  10.0,
  210.0
 ],
 "vla_clamp": [
  0.5,
  55.0
 ],
 "speed_white": {
  "features": [
   "v_px",
   "vx",
   "vy",
   "v_mps",
   "r0",
   "r1",
   "r_slope",
   "y0",
   "npts",
   "r0_sess",
   "r0_rel"
  ],
  "mu": [
   9773.551481481481,
   -9706.457777777778,
   -352.81370370370365,
   35.48,
   5.847777777777777,
   6.156296296296298,
   90.84407407407409,
   105.13814814814815,
   3.4814814814814814,
   5.758888888888889,
   1.012962962962963
  ],
  "sd": [
   3576.248213026513,
   3589.491623866763,
   1042.8929337733064,
   12.25945621515023,
   0.15251796189333783,
   0.720869579526894,
   60.210839449604464,
   9.206978448145419,
   0.6307180145528297,
   0.013698698784375619,
   0.025358879175738824
  ],
  "w": [
   7.4707956497517145,
   -7.44041130842286,
   1.2327010508491731,
   7.986425064827129,
   0.6143519075527326,
   -8.481137902540834,
   1.8724377519072926,
   -0.969344043602346,
   1.3918548846684409,
   -1.947536941207242,
   2.0352137783993736
  ],
  "intercept": 75.91333293899625,
  "n": 27
 },
 "vla_white": {
  "features": [
   "v_px",
   "vx",
   "vy",
   "pxang",
   "r_slope",
   "r_excess",
   "r_norm",
   "hla_proxy",
   "v_mps",
   "r0",
   "r1",
   "y0",
   "npts",
   "r0_sess",
   "r0_rel"
  ],
  "mu": [
   9773.551481481481,
   -9706.457777777778,
   -352.81370370370365,
   1.435041106101021,
   90.84407407407409,
   249.46057843621398,
   1.0385030884539665,
   1.0574533794008896,
   35.48,
   5.847777777777777,
   6.156296296296298,
   105.13814814814815,
   3.4814814814814814,
   5.758888888888889,
   1.012962962962963
  ],
  "sd": [
   3576.248213026513,
   3589.491623866763,
   1042.8929337733064,
   7.11160105727541,
   60.210839449604464,
   103.34056145110813,
   0.7653712615828887,
   0.7173778546053701,
   12.25945621515023,
   0.15251796189333783,
   0.720869579526894,
   9.206978448145419,
   0.6307180145528297,
   0.013698698784375619,
   0.025358879175738824
  ],
  "w": [
   -1.2347999661427516,
   1.0065225572049388,
   0.368712475667465,
   -1.2750136187456196,
   0.13866749314370994,
   -0.648690905085199,
   1.3990433671353113,
   5.599327763692643,
   -1.0310337588128835,
   -1.47245844125751,
   7.653048103846018,
   -1.5780204481044207,
   0.6598363862670329,
   0.4492579004540894,
   -0.8682877836273993
  ],
  "intercept": 17.264541835145682,
  "n": 27
 },
 "smash_by_club": {
  "pitching_wedge": 1.2156,
  "9_iron": 1.284,
  "8_iron": 1.2995,
  "7_iron": 1.3227,
  "6_iron": 1.3359,
  "5_hybrid": 1.353,
  "4_hybrid": 1.3639,
  "3_wood": 1.4502,
  "driver": 1.5284,
  "sand_wedge": 1.0269,
  "gap_wedge": 1.0713
 }
}